Symbol,Company Name,Industry,Market Cap
A,Agilent Technologies,Life Sciences Tools & Services,40220
AA,Alcoa,Metals & Mining,16810
AAP,Advance Auto Parts,Specialty Retail,12620
AAPL,Apple,"Technology Hardware, Storage & Periph...",2668120
ABB,ABB Ltd,Electrical Equipment,62520
ABBV,AbbVie,Biotechnology,266300
ABC,AmerisourceBergen,Health Care Providers & Services,30810
ABEV,Ambev,Beverages,44870
ABMD,Abiomed,Health Care Equipment & Supplies,14280
ABNB,Airbnb,"Hotels, Restaurants & Leisure",95270
ABT,Abbott Laboratories,Health Care Equipment & Supplies,214100
ACC,American Campus Communities,Equity Real Estate Investment Trusts ...,15130
ACGL,Arch Capital Group,Insurance,17440
ACH,Aluminum Corporation of China,Metals & Mining,17380
ACI,Albertsons Companies,Grocery Stores,17650
ACN,Accenture,IT Services,198550
ADBE,Adobe,Software,219190
ADI,Analog Devices,Semiconductors & Semiconductor Equipment,82360
ADM,Archer-Daniels-Midland Company,Food Products,46550
ADP,Automatic Data Processing,IT Services,87560
ADSK,Autodesk,Software,45680
AEE,Ameren,Multi-Utilities,23070
AEM,Agnico Eagle Mines,Metals & Mining,25770
AEP,American Electric Power Company,Electric Utilities,48570
AER,AerCap Holdings,Trading Companies & Distributors,12280
AES,The AES Corporation,Independent Power and Renewable Elect...,14560
AFG,American Financial Group,Insurance,11690
AFL,Aflac,Insurance,39060
AFRM,Affirm Holdings,IT Services,10190
AGR,Avangrid,Electric Utilities,17410
AIG,American International Group,Insurance,46830
AJG,Arthur J. Gallagher & Company,Insurance,33340
AKAM,Akamai Technologies,IT Services,18050
ALB,Albemarle,Chemicals,20960
ALC,Alcon,Medical Instruments & Supplies,37160
ALGN,Align Technology,Health Care Equipment & Supplies,36600
ALL,The Allstate Corporation,Insurance,35500
ALLE,Allegion,Building Products,10350
ALLY,Ally Financial,Consumer Finance,15090
ALNY,Alnylam Pharmaceuticals,Biotechnology,19770
AMAT,Applied Materials,Semiconductors & Semiconductor Equipment,113240
AMCR,Amcor,Containers & Packaging,17200
AMD,Advanced Micro Devices,Semiconductors & Semiconductor Equipment,186350
AME,AMETEK,Electrical Equipment,30350
AMGN,Amgen,Biotechnology,129740
AMH,American Homes 4 Rent,Equity Real Estate Investment Trusts ...,15740
AMOV,America Movil,Wireless Telecommunication Services,60010
AMP,Ameriprise Financial,Capital Markets,31180
AMT,American Tower,Equity Real Estate Investment Trusts ...,108630
AMX,America Movil,Wireless Telecommunication Services,59530
AMZN,Amazon.com,Internet & Direct Marketing Retail,1482170
ANET,Arista Networks,Communications Equipment,36430
ANSS,ANSYS,Software,27160
ANTM,Anthem,Health Care Providers & Services,115060
AON,Aon plc,Insurance,62840
AOS,A. O. Smith,Building Products,10880
APA,APA Corporation,"Oil, Gas & Consumable Fuels",13690
APD,Air Products & Chemicals,Chemicals,50650
APH,Amphenol,"Electronic Equipment, Instruments & C...",45660
APO,Apollo Global Management,Capital Markets,38090
APP,AppLovin,Software-Application,18850
APTV,Aptiv,Auto Components,28640
ARCC,Ares Capital,Capital Markets,10500
ARE,Alexandria Real Estate Equities,Equity Real Estate Investment Trusts ...,31130
ARES,Ares Management,Capital Markets,14120
ARGX,Argenx SE,Biotechnology,13720
ASML,ASML Holding,Semiconductors & Semiconductor Equipment,246250
ASX,ASE Technology Holding Company,Semiconductors & Semiconductor Equipment,15160
ATO,Atmos Energy,Gas Utilities,15730
ATVI,Activision Blizzard,Entertainment,63450
AU,AngloGold Ashanti,Metals & Mining,10490
AVB,AvalonBay Communities,Equity Real Estate Investment Trusts ...,34570
AVGO,Broadcom,Semiconductors & Semiconductor Equipment,247150
AVTR,Avantor,Life Sciences Tools & Services,20200
AVY,Avery Dennison,Containers & Packaging,13820
AWK,American Water Works Company,Water Utilities,29260
AXP,American Express Company,Consumer Finance,131640
AZN,AstraZeneca,Pharmaceuticals,184180
AZO,AutoZone,Specialty Retail,37760
AZPN,Aspen Technology,Software,10010
BA,The Boeing Company,Aerospace & Defense,105430
BABA,Alibaba Group Holding,Internet & Direct Marketing Retail,281730
BAC,Bank of America,Banks,335670
BAH,Booz Allen Hamilton Holding,IT Services,11500
BAM,Brookfield Asset Management,Capital Markets,84950
BAP,Credicorp,Banks,12310
BAX,Baxter International,Health Care Equipment & Supplies,43210
BBD,Banco Bradesco,Banks,37600
BBVA,Banco Bilbao Vizcaya Argentaria,Banks,35070
BBWI,Bath & Body Works,Specialty Retail,12440
BBY,Best Buy Co.,Specialty Retail,25520
BCE,"BCE, Inc.",Diversified Telecommunication Services,51140
BCH,Banco de Chile,Banks,11050
BCS,Barclays,Banks,35110
BDX,"Becton, Dickinson and Company",Health Care Equipment & Supplies,78430
BEKE,KE Holdings,Real Estate Management & Development,17270
BEN,Franklin Resources,Capital Markets,14160
BEP,Brookfield Renewable Partners,Independent Power and Renewable Elect...,23910
BF-A,Brown-Forman,Beverages,32720
BF-B,Brown-Forman,Beverages,32620
BG,Bunge,Food Products,15310
BGNE,BeiGene,Biotechnology,21040
BHP,BHP Group,Metals & Mining,262350
BIDU,Baidu,Interactive Media & Services,52770
BIIB,Biogen,Biotechnology,30780
BILL,Bill.com Holdings,Software,22800
BIO,Bio-Rad Laboratories,Life Sciences Tools & Services,17450
BIP,Brookfield Infrastructure Partners LP,Multi-Utilities,18280
BK,Bank of New York Mellon,Capital Markets,41100
BKNG,Booking Holdings,Internet & Direct Marketing Retail,83540
BKR,Baker Hughes Company,Energy Equipment & Services,34130
BLDR,Builders FirstSource,Building Products,13520
BLK,BlackRock,Capital Markets,105910
BLL,Ball Corporation,Containers & Packaging,29000
BMO,Bank of Montreal,Banks,74820
BMRN,BioMarin Pharmaceutical,Biotechnology,14550
BMY,Bristol-Myers Squibb Company,Pharmaceuticals,151180
BNS,The Bank of Nova Scotia,Banks,89060
BNTX,BioNTech SE,Biotechnology,34130
BP,BP plc,"Oil, Gas & Consumable Fuels",94780
BR,Broadridge Financial Solutions,IT Services,17440
BRK-A,Berkshire Hathaway,Diversified Financial Services,711450
BRK-B,Berkshire Hathaway,Diversified Financial Services,711760
BRKR,Bruker,Life Sciences Tools & Services,10230
BRO,Brown & Brown,Insurance,19310
BSBR,Banco Santander Brasil,Banks,44920
BSX,Boston Scientific,Health Care Equipment & Supplies,62720
BSY,Bentley Systems,Software-Application,10800
BTI,British American Tobacco,Tobacco,96270
BUD,Anheuser-Busch InBev,Beverages,98490
BURL,Burlington Stores,Specialty Retail,12660
BX,Blackstone,Capital Markets,151900
BXP,Boston Properties,Equity Real Estate Investment Trusts ...,19300
C,Citigroup,Banks,115870
CAG,Conagra Brands,Food Products,16500
CAH,Cardinal Health,Health Care Providers & Services,14960
CAJ,Canon,"Technology Hardware, Storage & Periph...",23920
CARR,Carrier Global,Building Products,38390
CAT,Caterpillar,Machinery,104850
CB,Chubb,Insurance,87600
CBOE,Cboe Global Markets,Capital Markets,12850
CBRE,CBRE Group,Real Estate Management & Development,29810
CCEP,Coca-Cola Europacific Partners,Beverages,21020
CCI,Crown Castle International,Equity Real Estate Investment Trusts ...,77410
CCK,Crown Holdings,Containers & Packaging,15490
CCL,Carnival,"Hotels, Restaurants & Leisure",20180
CDAY,Ceridian HCM Holding,Software,10140
CDNS,Cadence Design Systems,Software,42900
CDW,CDW Corporation,"Electronic Equipment, Instruments & C...",23150
CE,Celanese,Chemicals,15330
CEA,China Eastern Airlines,Airlines,14360
CEG,Constellation Energy,Utilities-Renewable,16660
CERN,Cerner,Health Care Technology,27420
CF,CF Industries Holdings,Chemicals,18920
CFG,Citizens Financial Group,Banks,20540
CG,The Carlyle Group,Capital Markets,15970
CGNX,Cognex,"Electronic Equipment, Instruments & C...",11760
CHD,Church & Dwight Company,Household Products,24440
CHK,Chesapeake Energy,"Oil, Gas & Consumable Fuels",10080
CHKP,Check Point Software Technologies,Software,19380
CHRW,C.H. Robinson Worldwide,Air Freight & Logistics,13710
CHT,Chunghwa Telecom Co.,Diversified Telecommunication Services,33940
CHTR,Charter Communications,Media,95000
CHWY,Chewy,Internet & Direct Marketing Retail,18920
CI,Cigna,Health Care Providers & Services,77550
CIEN,Ciena,Communications Equipment,10090
CINF,Cincinnati Financial,Insurance,19770
CL,Colgate-Palmolive Company,Household Products,65020
CLF,Cleveland-Cliffs,Metals & Mining,13630
CLR,Continental Resources,"Oil, Gas & Consumable Fuels",22190
CLX,The Clorox Company,Household Products,17810
CM,Canadian Imperial Bank of Commerce,Banks,56700
CMA,Comerica,Banks,11830
CMCSA,Comcast,Media,214010
CME,CME Group,Capital Markets,87610
CMG,Chipotle Mexican Grill,"Hotels, Restaurants & Leisure",40430
CMI,Cummins,Machinery,28780
CMS,CMS Energy,Multi-Utilities,19410
CNA,CNA Financial,Insurance,12250
CNC,Centene,Health Care Providers & Services,50160
CNHI,CNH Industrial,Machinery,18400
CNI,Canadian National Railway Company,Road & Rail,89080
CNP,CenterPoint Energy,Multi-Utilities,18230
CNQ,Canadian Natural Resources,"Oil, Gas & Consumable Fuels",69600
CNXC,Concentrix,IT Services,10080
COF,Capital One Financial,Consumer Finance,55480
COIN,Coinbase Global,Software-Application,43410
CONE,CyrusOne,Equity Real Estate Investment Trusts ...,11700
COO,The Cooper Companies,Health Care Equipment & Supplies,20930
COP,ConocoPhillips,"Oil, Gas & Consumable Fuels",130300
COST,Costco Wholesale,Food & Staples Retailing,233020
CP,Canadian Pacific Railway,Road & Rail,72600
CPB,Campbell Soup Company,Food Products,13740
CPNG,Coupang,Internet Retail,37010
CPRT,Copart,Commercial Services & Supplies,28120
CPT,Camden Property Trust,Equity Real Estate Investment Trusts ...,17830
CQP,Cheniere Energy Partners LP,"Oil, Gas & Consumable Fuels",28300
CRH,CRH Plc,Construction Materials,30480
CRL,Charles River Laboratories International,Life Sciences Tools & Services,14040
CRM,Salesforce.com,Software,205470
CRWD,CrowdStrike Holdings,Software,41060
CS,Credit Suisse Group AG,Capital Markets,19280
CSCO,Cisco Systems,Communications Equipment,235090
CSGP,CoStar Group,Professional Services,22880
CSL,Carlisle Companies,Industrial Conglomerates,12090
CSX,CSX Corporation,Road & Rail,82100
CTAS,Cintas,Commercial Services & Supplies,39580
CTLT,Catalent,Pharmaceuticals,17980
CTRA,Coterra Energy,Oil & Gas E&P,21250
CTSH,Cognizant Technology Solutions,IT Services,46760
CTVA,Corteva,Chemicals,37430
CTXS,Citrix Systems,Software,12740
CUBE,CubeSmart,Equity Real Estate Investment Trusts ...,11840
CUK,Carnival,"Hotels, Restaurants & Leisure",18580
CVE,Cenovus Energy,"Oil, Gas & Consumable Fuels",32090
CVNA,Carvana Co.,Specialty Retail,18440
CVS,CVS Health,Health Care Providers & Services,138060
CVX,Chevron,"Oil, Gas & Consumable Fuels",308980
CZR,Caesars Entertainment,"Hotels, Restaurants & Leisure",16870
D,Dominion Energy,Multi-Utilities,67030
DAL,Delta Air Lines,Airlines,22090
DAR,Darling Ingredients,Food Products,12250
DASH,DoorDash,Internet & Direct Marketing Retail,31310
DB,Deutsche Bank AG,Capital Markets,21850
DD,DuPont de Nemours,Chemicals,38160
DDOG,Datadog,Software,44630
DE,Deere & Company,Machinery,119670
DELL,Dell Technologies,"Technology Hardware, Storage & Periph...",40450
DEO,Diageo,Beverages,109310
DFS,Discover Financial Services,Consumer Finance,31400
DG,Dollar General,Multiline Retail,48890
DGX,Quest Diagnostics,Health Care Providers & Services,16440
DHI,D.R. Horton,Household Durables,30260
DHR,Danaher,Health Care Equipment & Supplies,194960
DIDI,DiDi Global,Software-Application,19390
DIS,The Walt Disney Company,Entertainment,256200
DISCA,Discovery,Media,13590
DISCB,Discovery,Media,13790
DISCK,Discovery,Media,13590
DISH,DISH Network,Media,15950
DLR,Digital Realty Trust,Equity Real Estate Investment Trusts ...,40440
DLTR,Dollar Tree,Multiline Retail,32270
DOCS,Doximity,Health Information Services,13450
DOCU,DocuSign,Software,20060
DOV,Dover,Machinery,21740
DOW,Dow Inc.,Chemicals,43280
DOX,Amdocs,IT Services,10100
DPZ,Domino's Pizza,"Hotels, Restaurants & Leisure",14910
DRE,Duke Realty,Equity Real Estate Investment Trusts ...,21220
DRI,Darden Restaurants,"Hotels, Restaurants & Leisure",16860
DT,Dynatrace,Software,11840
DTE,DTE Energy Company,Multi-Utilities,24780
DUK,Duke Energy,Electric Utilities,80980
DVA,DaVita,Health Care Providers & Services,10550
DVN,Devon Energy,"Oil, Gas & Consumable Fuels",39570
DXCM,DexCom,Health Care Equipment & Supplies,41940
E,Eni SpA,"Oil, Gas & Consumable Fuels",53380
EA,Electronic Arts,Entertainment,35570
EBAY,eBay Inc.,Internet & Direct Marketing Retail,32700
EBR,Centrais Eletricas Brasileiras,Electric Utilities,10700
EC,Ecopetrol,"Oil, Gas & Consumable Fuels",36020
ECL,Ecolab,Chemicals,48210
ED,Consolidated Edison,Multi-Utilities,31830
EFX,Equifax,Professional Services,27800
EIX,Edison International,Electric Utilities,24970
EL,The Estee Lauder Companies,Personal Products,102310
ELAN,Elanco Animal Health,Pharmaceuticals,13230
ELP,Companhia Paranaense de Energia,Electric Utilities,18580
ELS,Equity LifeStyle Properties,Equity Real Estate Investment Trusts ...,15170
EMN,Eastman Chemical Company,Chemicals,14810
EMR,Emerson Electric Company,Electrical Equipment,54400
ENB,Enbridge,"Oil, Gas & Consumable Fuels",90920
ENIA,Enel Americas,Electric Utilities,12430
ENPH,Enphase Energy,Semiconductors & Semiconductor Equipment,21180
ENTG,Entegris,Semiconductors & Semiconductor Equipment,15760
EOG,EOG Resources,"Oil, Gas & Consumable Fuels",69520
EPAM,EPAM Systems,IT Services,11290
EPD,Enterprise Products Partners,"Oil, Gas & Consumable Fuels",55350
EQH,Equitable Holdings,Diversified Financial Services,11940
EQIX,Equinix,Equity Real Estate Investment Trusts ...,65400
EQNR,Equinor ASA,"Oil, Gas & Consumable Fuels",113800
EQR,Equity Residential,Equity Real Estate Investment Trusts ...,34550
ERIC,Ericsson,Communications Equipment,30120
ES,Eversource Energy,Electric Utilities,29600
ESS,Essex Property Trust,Equity Real Estate Investment Trusts ...,22970
ET,Energy Transfer LP,"Oil, Gas & Consumable Fuels",32150
ETN,Eaton,Electrical Equipment,59730
ETR,Entergy,Electric Utilities,22790
ETSY,"Etsy, Inc.",Internet & Direct Marketing Retail,19530
EVRG,Evergy,Electric Utilities,14610
EW,Edwards Lifesciences,Health Care Equipment & Supplies,68950
EWBC,East West Bancorp,Banks,10970
EXAS,Exact Sciences,Biotechnology,12320
EXC,Exelon,Electric Utilities,43400
EXPD,Expeditors International of Washington,Air Freight & Logistics,16640
EXPE,Expedia Group,Internet & Direct Marketing Retail,27450
EXR,Extra Space Storage,Equity Real Estate Investment Trusts ...,28100
F,Ford Motor Company,Automobiles,69390
FANG,Diamondback Energy,"Oil, Gas & Consumable Fuels",24450
FAST,Fastenal Company,Trading Companies & Distributors,31060
FB,Meta Platforms,Interactive Media & Services,558340
FBHS,Fortune Brands Home & Security,Building Products,11380
FCNCA,First Citizens BancShares,Banks,11310
FCX,Freeport-McMoRan,Metals & Mining,72900
FDS,FactSet Research Systems,Capital Markets,15610
FDX,FedEx,Air Freight & Logistics,56850
FE,FirstEnergy,Electric Utilities,24460
FERG,Ferguson,Industrial Distribution,32130
FFIV,F5 Networks,Communications Equipment,12260
FHN,First Horizon,Banks,12650
FICO,Fair Isaac,Software,13070
FIS,Fidelity National Information Services,IT Services,55150
FISV,Fiserv,IT Services,63470
FITB,Fifth Third Bancorp,Banks,30550
FLT,FleetCor Technologies,IT Services,17790
FMC,FMC Corporation,Chemicals,15240
FMS,Fresenius Medical Care AG & Co.,Health Care Providers & Services,17730
FMX,Fomento Economico Mexicano,Beverages,71100
FNF,Fidelity National Financial,Insurance,13330
FNV,Franco-Nevada,Metals & Mining,30250
FOX,Fox Corporation,Media,23140
FOXA,Fox Corporation,Media,23140
FRC,First Republic Bank,Banks,29610
FTNT,Fortinet,Software,53950
FTS,Fortis,Electric Utilities,22510
FTV,Fortive,Machinery,21760
FWONA,Liberty Media Formula One Group,Entertainment,13480
GD,General Dynamics,Aerospace & Defense,68120
GDDY,GoDaddy,IT Services,13480
GE,General Electric Company,Industrial Conglomerates,97990
GFI,Gold Fields,Metals & Mining,13780
GFS,GlobalFoundries,Semiconductors,32280
GGG,Graco,Machinery,12030
GIB,"CGI, Inc.",IT Services,19730
GILD,Gilead Sciences,Biotechnology,77570
GIS,General Mills,Food Products,41090
GLOB,Globant,Software,10520
GLPI,Gaming & Leisure Properties,Equity Real Estate Investment Trusts ...,11490
GLW,Corning,"Electronic Equipment, Instruments & C...",32860
GM,General Motors Company,Automobiles,63560
GMAB,Genmab,Biotechnology,21040
GNRC,Generac Holdings,Electrical Equipment,20250
GOLD,Barrick Gold,Metals & Mining,43060
GOOG,Alphabet,Interactive Media & Services,1751120
GOOGL,Alphabet,Interactive Media & Services,1753600
GPC,Genuine Parts Company,Distributors,17400
GPN,Global Payments,IT Services,36100
GRAB,Grab Holdings,Asset Management,12570
GRFS,Grifols,Biotechnology,10820
GRMN,Garmin,Household Durables,21320
GS,The Goldman Sachs Group,Capital Markets,112390
GSK,GlaxoSmithKline,Pharmaceuticals,102130
GWW,W.W. Grainger,Trading Companies & Distributors,24940
H,Hyatt Hotels,"Hotels, Restaurants & Leisure",10290
HAL,Halliburton Company,Energy Equipment & Services,30670
HAS,Hasbro,Leisure Products,12850
HBAN,Huntington Bancshares,Banks,21240
HCA,HCA Healthcare,Health Care Providers & Services,80580
HD,The Home Depot,Specialty Retail,338610
HDB,HDFC Bank,Banks,105770
HEI,HEICO,Aerospace & Defense,18170
HEI-A,HEICO,Aerospace & Defense,18070
HES,Hess Corporation,"Oil, Gas & Consumable Fuels",31590
HIG,The Hartford Financial Services Group,Insurance,22380
HLT,Hilton Worldwide Holdings,"Hotels, Restaurants & Leisure",38430
HMC,Honda Motor Company,Automobiles,48440
HNP,Huaneng Power International,Independent Power and Renewable Elect...,17640
HOLX,Hologic,Health Care Equipment & Supplies,18050
HON,Honeywell International,Industrial Conglomerates,128540
HPE,Hewlett-Packard Enterprise Company,"Technology Hardware, Storage & Periph...",21350
HPQ,HP Inc.,"Technology Hardware, Storage & Periph...",38290
HRL,Hormel Foods,Food Products,28070
HSBC,HSBC Holdings,Banks,126500
HSIC,Henry Schein,Health Care Providers & Services,11930
HST,Host Hotels & Resorts,Equity Real Estate Investment Trusts ...,12330
HSY,The Hershey Company,Food Products,43680
HTHT,Huazhu Group,"Hotels, Restaurants & Leisure",12430
HUBS,HubSpot,Software,23340
HUM,Humana,Health Care Providers & Services,55890
HWM,Howmet Aerospace,Aerospace & Defense,14180
HZNP,Horizon Therapeutics,Pharmaceuticals,22770
IBKR,Interactive Brokers Group,Capital Markets,24460
IBM,International Business Machines,IT Services,113490
IBN,ICICI Bank,Banks,62740
ICE,Intercontinental Exchange,Capital Markets,76240
ICL,ICL Group,Chemicals,14800
ICLR,ICON plc,Life Sciences Tools & Services,18460
IDXX,IDEXX Laboratories,Health Care Equipment & Supplies,45130
IEP,Icahn Enterprises,Industrial Conglomerates,15850
IEX,IDEX Corporation,Machinery,14630
IFF,International Flavors & Fragrances,Chemicals,31450
IHG,InterContinental Hotels Group,"Hotels, Restaurants & Leisure",11880
ILMN,Illumina,Life Sciences Tools & Services,50800
IMO,Imperial Oil,"Oil, Gas & Consumable Fuels",30920
INCY,Incyte,Biotechnology,15500
INFY,Infosys,IT Services,94140
ING,ING Group,Banks,36700
INTC,Intel,Semiconductors & Semiconductor Equipment,199580
INTU,Intuit,Software,131490
INVH,Invitation Homes,Equity Real Estate Investment Trusts ...,24070
IP,International Paper Company,Containers & Packaging,15890
IPG,The Interpublic Group of Companies,Media,13470
IQV,IQVIA Holdings,Life Sciences Tools & Services,43340
IR,Ingersoll Rand,Machinery,19190
IRM,Iron Mountain,Equity Real Estate Investment Trusts ...,15110
ISRG,Intuitive Surgical,Health Care Equipment & Supplies,108140
IT,Gartner,IT Services,22200
ITUB,Itau Unibanco Holding,Banks,47330
ITW,Illinois Tool Works,Machinery,66380
IX,ORIX Corporation,Diversified Financial Services,23160
J,Jacobs Engineering Group,Construction & Engineering,16530
JBHT,J.B. Hunt Transport Services,Road & Rail,21370
JCI,Johnson Controls International,Building Products,44190
JD,JD.com,Internet & Direct Marketing Retail,106650
JHX,James Hardie Industries,Construction Materials,14230
JKHY,Jack Henry & Associates,IT Services,13500
JLL,Jones Lang LaSalle,Real Estate Management & Development,11490
JNJ,Johnson & Johnson,Pharmaceuticals,445610
JNPR,Juniper Networks,Communications Equipment,11020
JPM,JPMorgan Chase & Co.,Banks,399700
K,Kellogg Company,Food Products,22190
KB,KB Financial Group,Banks,18250
KDP,Keurig Dr Pepper,Beverages,55140
KEP,Korea Electric Power,Electric Utilities,12740
KEY,KeyCorp,Banks,21540
KEYS,Keysight Technologies,"Electronic Equipment, Instruments & C...",28040
KHC,The Kraft Heinz Company,Food Products,48750
KIM,Kimco Realty,Equity Real Estate Investment Trusts ...,14630
KKR,KKR & Co.,Capital Markets,47580
KLAC,KLA Corporation,Semiconductors & Semiconductor Equipment,50050
KMB,Kimberly-Clark,Household Products,43520
KMI,Kinder Morgan,"Oil, Gas & Consumable Fuels",42720
KMX,CarMax,Specialty Retail,16660
KO,The Coca-Cola Company,Beverages,271270
KOF,Coca-Cola Femsa,Beverages,11050
KR,The Kroger Company,Food & Staples Retailing,43340
L,Loews,Insurance,15110
LAMR,Lamar Advertising Company,Equity Real Estate Investment Trusts ...,10900
LBRDA,Liberty Broadband,Media,22490
LBRDK,Liberty Broadband,Media,22740
LBTYA,Liberty Global,Media,13110
LBTYB,Liberty Global,Diversified Telecommunication Services,13060
LBTYK,Liberty Global,Media,13220
LCID,Lucid Group,Auto Manufacturers,37410
LDOS,Leidos Holdings,IT Services,15130
LEN,Lennar,Household Durables,25690
LEN-B,Lennar,Construction & Engineering,25750
LFC,China Life Insurance Company,Insurance,106210
LH,Laboratory Corporation of America Holdings,Health Care Providers & Services,25140
LHX,L3Harris Technologies,Aerospace & Defense,51530
LI,Li Auto,Automobiles,30320
LIN,Linde,Chemicals,144280
LKQ,LKQ Corporation,Distributors,12810
LLY,Eli Lilly and Company,Pharmaceuticals,250340
LMT,Lockheed Martin,Aerospace & Defense,124770
LNC,Lincoln National,Insurance,10640
LNG,Cheniere Energy,"Oil, Gas & Consumable Fuels",35520
LNT,Alliant Energy,Electric Utilities,15180
LOGI,Logitech International,"Technology Hardware, Storage & Periph...",12170
LOW,Lowe's Companies,Specialty Retail,150130
LPLA,LPL Financial Holdings,Capital Markets,12840
LRCX,Lam Research,Semiconductors & Semiconductor Equipment,73350
LSI,Life Storage,Equity Real Estate Investment Trusts ...,11350
LU,Lufax Holding,Consumer Finance,12360
LULU,Lululemon Athletica,"Textiles, Apparel & Luxury Goods",42380
LUMN,Lumen Technologies,Diversified Telecommunication Services,10800
LUV,Southwest Airlines Company,Airlines,24100
LVS,Las Vegas Sands,"Hotels, Restaurants & Leisure",31170
LYB,LyondellBasell Industries NV,Chemicals,31860
LYFT,"Lyft, Inc.",Road & Rail,12950
LYG,Lloyds Banking Group,Banks,41030
LYV,Live Nation Entertainment,Entertainment,26710
MA,Mastercard,IT Services,328830
MAA,Mid-America Apartment Communities,Equity Real Estate Investment Trusts ...,25400
MAR,Marriott International,"Hotels, Restaurants & Leisure",51970
MAS,Masco,Building Products,13270
MCD,McDonald's,"Hotels, Restaurants & Leisure",175340
MCHP,Microchip Technology,Semiconductors & Semiconductor Equipment,38060
MCK,McKesson,Health Care Providers & Services,42220
MCO,Moody's,Capital Markets,60350
MDB,MongoDB,IT Services,23830
MDLZ,Mondelez International,Food Products,88620
MDT,Medtronic plc.,Health Care Equipment & Supplies,145410
MELI,MercadoLibre,Internet & Direct Marketing Retail,53230
MET,MetLife,Insurance,52790
MFC,Manulife Financial,Insurance,38480
MFG,Mizuho Financial Group,Banks,33020
MGA,Magna International,Auto Components,18640
MGM,MGM Resorts International,"Hotels, Restaurants & Leisure",18240
MGP,MGM Growth Properties LLC,Equity Real Estate Investment Trusts ...,10240
MKC,McCormick & Company,Food Products,27680
MKL,Markel,Insurance,17130
MKTX,MarketAxess Holdings,Capital Markets,13940
MLM,Martin Marietta Materials,Construction Materials,23390
MMC,Marsh & McLennan Companies,Insurance,78680
MMM,3M Company,Industrial Conglomerates,83800
MMP,"Magellan Midstream Partners,","Oil, Gas & Consumable Fuels",10500
MNST,Monster Beverage,Beverages,43050
MO,Altria Group,Tobacco,97210
MOH,Molina Healthcare,Health Care Providers & Services,18900
MORN,Morningstar,Capital Markets,11480
MOS,The Mosaic Company,Chemicals,22040
MPC,Marathon Petroleum,"Oil, Gas & Consumable Fuels",43930
MPLX,MPLX LP,"Oil, Gas & Consumable Fuels",32970
MPW,Medical Properties Trust,Equity Real Estate Investment Trusts ...,12290
MPWR,Monolithic Power Systems,Semiconductors & Semiconductor Equipment,19240
MRK,Merck & Co.,Pharmaceuticals,196730
MRNA,Moderna,Biotechnology,57440
MRO,Marathon Oil,"Oil, Gas & Consumable Fuels",17400
MRVI,Maravai LifeSciences Holdings,Biotechnology,10180
MRVL,Marvell Technology,Semiconductors & Semiconductor Equipment,53510
MS,Morgan Stanley,Capital Markets,154880
MSCI,MSCI Inc.,Capital Markets,40770
MSFT,Microsoft,Software,2204400
MSI,Motorola Solutions,Communications Equipment,37500
MT,ArcelorMittal,Metals & Mining,26940
MTB,M&T Bank,Banks,22740
MTCH,Match Group,Interactive Media & Services,29210
MTD,Mettler-Toledo International,Life Sciences Tools & Services,31670
MU,Micron Technology,Semiconductors & Semiconductor Equipment,91720
MUFG,Mitsubishi UFJ Financial Group,Banks,75720
NDAQ,Nasdaq,Capital Markets,28200
NDSN,Nordson,Machinery,13120
NEE,NextEra Energy,Electric Utilities,157430
NEM,Newmont,Metals & Mining,58870
NET,Cloudflare,Software,37670
NFLX,Netflix,Entertainment,165810
NGG,National Grid,Multi-Utilities,54370
NI,NiSource,Multi-Utilities,12360
NICE,NICE Ltd.,Software,14300
NIO,NIO Inc.,Automobiles,31090
NKE,"Nike, Inc.","Textiles, Apparel & Luxury Goods",210080
NLOK,NortonLifeLock,Software,16980
NLY,Annaly Capital Management,Mortgage Real Estate Investment Trust...,10310
NMR,Nomura Holdings,Capital Markets,13210
NOC,Northrop Grumman,Aerospace & Defense,73140
NOK,Nokia,Communications Equipment,29380
NOW,ServiceNow,Software,114230
NSC,Norfolk Southern,Road & Rail,68230
NTAP,NetApp,"Technology Hardware, Storage & Periph...",17880
NTES,NetEase,Entertainment,61950
NTR,Nutrien,Chemicals,52510
NTRS,Northern Trust,Capital Markets,22340
NU,Nu Holdings,Banks-Diversified,33010
NUAN,Nuance Communications,Software,17880
NUE,Nucor,Metals & Mining,37330
NVDA,NVIDIA,Semiconductors & Semiconductor Equipment,571570
NVO,Novo Nordisk,Pharmaceuticals,238610
NVR,"NVR, Inc.",Household Durables,16640
NVS,Novartis AG,Pharmaceuticals,193910
NWG,NatWest Group,Banks,30880
NWS,News Corporation,Media,12950
NWSA,News Corporation,Media,12950
NXPI,NXP Semiconductors NV,Semiconductors & Semiconductor Equipment,46320
O,Realty Income,Equity Real Estate Investment Trusts ...,39510
ODFL,Old Dominion Freight Line,Road & Rail,36560
OKE,ONEOK,"Oil, Gas & Consumable Fuels",30530
OKTA,"Okta, Inc.",IT Services,26800
OLPX,Olaplex Holdings,Specialty Retail,10910
OMC,Omnicom Group,Media,16660
ON,ON Semiconductor,Semiconductors & Semiconductor Equipment,25230
ORAN,Orange,Diversified Telecommunication Services,30920
ORCL,Oracle,Software,204260
ORLY,O'Reilly Automotive,Specialty Retail,44900
OTEX,Open Text,Software,11510
OTIS,Otis Worldwide,Machinery,33130
OVV,Ovintiv,"Oil, Gas & Consumable Fuels",12650
OXY,Occidental Petroleum,"Oil, Gas & Consumable Fuels",52450
PANW,Palo Alto Networks,Software,54910
PARA,Paramount Global,Media,22120
PARAA,Paramount Global,Entertainment,24220
PATH,UiPath,Software-Infrastructure,14860
PAYC,Paycom Software,Software,20020
PAYX,Paychex,IT Services,44580
PBA,Pembina Pipeline,"Oil, Gas & Consumable Fuels",19970
PBR,Petroleo Brasileiro,"Oil, Gas & Consumable Fuels",94640
PBR-A,Petroleo Brasileiro,"Oil, Gas & Consumable Fuels",75180
PCAR,PACCAR,Machinery,30570
PCG,PG&E Corporation,Electric Utilities,25210
PCTY,Paylocity Holding,Software,10670
PDD,Pinduoduo,Internet & Direct Marketing Retail,51720
PEAK,Healthpeak Properties,Equity Real Estate Investment Trusts ...,17780
PEG,Public Service Enterprise Group,Multi-Utilities,33940
PEP,PepsiCo,Beverages,231060
PFE,Pfizer,Pharmaceuticals,273580
PFG,Principal Financial Group,Insurance,17520
PG,The Procter & Gamble Company,Household Products,371880
PGR,The Progressive Corporation,Insurance,62690
PH,Parker-Hannifin,Machinery,36760
PHG,Koninklijke Philips,Health Care Equipment & Supplies,26540
PHM,PulteGroup,Household Durables,12280
PINS,Pinterest,Interactive Media & Services,16620
PKG,Packaging Corporation of America,Containers & Packaging,13990
PKI,PerkinElmer,Life Sciences Tools & Services,22270
PKX,POSCO,Metals & Mining,17970
PLD,Prologis,Equity Real Estate Investment Trusts ...,111620
PLTR,Palantir Technologies,Software,23660
PLUG,Plug Power,Electrical Equipment,14200
PM,Philip Morris International,Tobacco,154760
PNC,The PNC Financial Services Group,Banks,77360
PODD,Insulet,Health Care Equipment & Supplies,18110
POOL,Pool Corporation,Distributors,18710
PPG,PPG Industries,Chemicals,29250
PPL,PPL Corporation,Electric Utilities,19450
PRU,Prudential Financial,Insurance,40020
PSA,Public Storage,Equity Real Estate Investment Trusts ...,66210
PSX,Phillips 66,"Oil, Gas & Consumable Fuels",37550
PTC,PTC Inc.,Software,12630
PTR,PetroChina Company,"Oil, Gas & Consumable Fuels",167770
PUK,Prudential,Insurance,39030
PWR,Quanta Services,Construction & Engineering,15580
PXD,Pioneer Natural Resources Company,"Oil, Gas & Consumable Fuels",58570
PYPL,PayPal Holdings,IT Services,122450
QCOM,Qualcomm,Semiconductors & Semiconductor Equipment,182870
QGEN,Qiagen,Life Sciences Tools & Services,10600
QRVO,Qorvo,Semiconductors & Semiconductor Equipment,14630
QSR,Restaurant Brands International,"Hotels, Restaurants & Leisure",25400
RACE,Ferrari,Automobiles,36810
RBLX,Roblox,Electronic Gaming & Multimedia,26620
RCI,Rogers Communications,Wireless Telecommunication Services,26940
RCL,Royal Caribbean Cruises,"Hotels, Restaurants & Leisure",17750
RE,Everest Re Group,Insurance,11090
REG,Regency Centers,Equity Real Estate Investment Trusts ...,11670
REGN,Regeneron Pharmaceuticals,Biotechnology,67340
RELX,Relx PLC,Professional Services,57830
REXR,Rexford Industrial Realty,Equity Real Estate Investment Trusts ...,11650
RF,Regions Financial,Banks,21190
RHI,Robert Half International,Professional Services,12950
RIO,Rio Tinto,Metals & Mining,132680
RIVN,Rivian Automotive,Auto Manufacturers,41860
RJF,Raymond James Financial,Capital Markets,20740
RKT,Rocket Companies,Thrifts & Mortgage Finance,28260
RMD,ResMed,Health Care Equipment & Supplies,37230
RNG,RingCentral,Software,11360
ROK,Rockwell Automation,Electrical Equipment,31260
ROKU,"Roku, Inc.",Entertainment,16440
ROL,Rollins,Commercial Services & Supplies,17040
ROP,Roper Technologies,Industrial Conglomerates,48010
ROST,Ross Stores,Specialty Retail,31600
RPM,RPM International,Chemicals,10550
RPRX,Royalty Pharma,Pharmaceuticals,26270
RRX,Regal Rexnord,Specialty Industrial Machinery,10530
RS,Reliance Steel & Aluminum Co.,Metals & Mining,11650
RSG,Republic Services,Commercial Services & Supplies,41130
RTX,Raytheon Technologies,Aerospace & Defense,149980
RY,Royal Bank of Canada,Banks,153990
RYAAY,Ryanair Holdings,Airlines,18980
S,SentinelOne,Software-Infrastructure,10220
SAN,Banco Santander,Banks,51590
SAP,SAP SE,Software,127320
SBAC,SBA Communications,Equity Real Estate Investment Trusts ...,35710
SBNY,Signature Bank,Banks,18480
SBSW,Sibanye Stillwater,Metals & Mining,14330
SBUX,Starbucks,"Hotels, Restaurants & Leisure",104960
SCCO,Southern Copper,Metals & Mining,59220
SCHW,The Charles Schwab Corporation,Capital Markets,152100
SE,Sea Limited,Entertainment,54350
SEDG,SolarEdge Technologies,Semiconductors & Semiconductor Equipment,16140
SGEN,Seagen,Biotechnology,24240
SHEL,Shell,"Oil, Gas & Consumable Fuels",199720
SHG,Shinhan Financial Group Co.,Banks,15900
SHOP,Shopify,IT Services,77390
SHW,The Sherwin-Williams Company,Chemicals,67300
SIRI,Sirius XM Holdings,Media,24360
SIVB,SVB Financial Group,Banks,31940
SJM,The J. M. Smucker Company,Food Products,14510
SJR,Shaw Communications,Media,15060
SKM,SK Telecom Co.,Wireless Telecommunication Services,10140
SLB,Schlumberger,Energy Equipment & Services,56060
SLF,Sun Life Financial,Insurance,30590
SMFG,Sumitomo Mitsui Financial Group,Banks,47160
SNA,Snap-on,Machinery,11090
SNAP,"Snap, Inc.",Interactive Media & Services,53750
SNN,Smith & Nephew,Health Care Equipment & Supplies,14610
SNOW,Snowflake,IT Services,64220
SNP,China Petroleum & Chemical,"Oil, Gas & Consumable Fuels",80810
SNPS,Synopsys,Software,47320
SNX,Synnex,"Electronic Equipment, Instruments & C...",10020
SNY,Sanofi,Pharmaceuticals,123190
SO,The Southern Company,Electric Utilities,71650
SONY,Sony Group,Household Durables,123900
SPG,Simon Property Group,Equity Real Estate Investment Trusts ...,51450
SPGI,S&P Global,Capital Markets,144420
SPLK,Splunk,Software,20490
SPOT,Spotify Technology,Entertainment,27750
SQ,Block,IT Services,61790
SQM,Sociedad Quimica y Minera de Chile,Chemicals,22320
SRE,Sempra Energy,Multi-Utilities,47950
SSL,Sasol,Chemicals,15550
SSNC,SS&C Technologies Holdings,Software,19400
STE,Steris,Health Care Equipment & Supplies,24550
STLA,Stellantis,Automobiles,49260
STLD,Steel Dynamics,Metals & Mining,14800
STM,STMicroelectronics,Semiconductors & Semiconductor Equipment,34950
STT,State Street,Capital Markets,29470
STX,Seagate Technology Holdings,"Technology Hardware, Storage & Periph...",22590
STZ,Constellation Brands,Beverages,41240
SU,Suncor Energy,"Oil, Gas & Consumable Fuels",45050
SUI,Sun Communities,Equity Real Estate Investment Trusts ...,21530
SUZ,Suzano,Paper & Forest Products,15220
SWK,Stanley Black & Decker,Machinery,26410
SWKS,Skyworks Solutions,Semiconductors & Semiconductor Equipment,22290
SYF,Synchrony Financial,Consumer Finance,19870
SYK,Stryker,Health Care Equipment & Supplies,101610
SYY,Sysco,Food & Staples Retailing,43110
T,"AT&T, Inc.",Diversified Telecommunication Services,170500
TAK,Takeda Pharmaceutical Company,Pharmaceuticals,47160
TAP,Molson Coors Beverage Company,Beverages,11060
TCOM,Trip.com Group,Internet & Direct Marketing Retail,15940
TD,The Toronto-Dominion Bank,Banks,145450
TDG,TransDigm Group,Aerospace & Defense,36240
TDOC,Teladoc Health,Health Care Technology,11220
TDY,Teledyne Technologies,Aerospace & Defense,21240
TEAM,Atlassian,Software,67840
TECH,Bio-Techne,Life Sciences Tools & Services,16560
TECK,Teck Resources,Metals & Mining,21860
TEF,Telefonica,Diversified Telecommunication Services,25930
TEL,TE Connectivity,"Electronic Equipment, Instruments & C...",43440
TER,Teradyne,Semiconductors & Semiconductor Equipment,18650
TFC,Truist Financial,Banks,78310
TFX,Teleflex,Health Care Equipment & Supplies,16400
TGT,Target,Multiline Retail,106110
TJX,The TJX Companies,Specialty Retail,75070
TLK,Telkom Indonesia,Diversified Telecommunication Services,30170
TM,Toyota Motor,Automobiles,235750
TMO,Thermo Fisher Scientific,Life Sciences Tools & Services,214940
TMUS,T-Mobile US,Wireless Telecommunication Services,156050
TPL,Texas Pacific Land,"Oil, Gas & Consumable Fuels",10060
TRGP,Targa Resources,"Oil, Gas & Consumable Fuels",15910
TRI,Thomson Reuters,Professional Services,51680
TRMB,Trimble,"Electronic Equipment, Instruments & C...",17030
TROW,T. Rowe Price Group,Capital Markets,31660
TRP,TC Energy,"Oil, Gas & Consumable Fuels",55320
TRU,TransUnion,Professional Services,18460
TRV,The Travelers Companies,Insurance,41880
TS,Tenaris,Energy Equipment & Services,15550
TSCO,Tractor Supply Company,Specialty Retail,25030
TSLA,Tesla,Automobiles,908290
TSM,Taiwan Semiconductor Manufacturing Company,Semiconductors & Semiconductor Equipment,544820
TSN,Tyson Foods,Food Products,33790
TT,Trane Technologies,Building Products,35360
TTD,The Trade Desk,Software,36680
TTE,TotalEnergies SE,"Oil, Gas & Consumable Fuels",127800
TTM,Tata Motors,Automobiles,20160
TTWO,Take-Two Interactive Software,Entertainment,18240
TU,TELUS,Diversified Telecommunication Services,36220
TW,Tradeweb Markets,Capital Markets,28840
TWLO,Twilio,IT Services,28590
TWTR,Twitter,Interactive Media & Services,27640
TXN,Texas Instruments,Semiconductors & Semiconductor Equipment,156980
TXT,Textron,Aerospace & Defense,15660
TYL,Tyler Technologies,Software,17510
U,Unity Software,Software,27960
UAL,United Airlines Holdings,Airlines,11920
UBER,Uber Technologies,Road & Rail,58300
UBS,UBS Group AG,Capital Markets,55550
UDR,"UDR, Inc.",Equity Real Estate Investment Trusts ...,30940
UHAL,Amerco,Road & Rail,11510
UHS,Universal Health Services,Health Care Providers & Services,11180
UI,Ubiquiti,Communications Equipment,15390
UL,Unilever,Personal Products,119130
ULTA,Ulta Beauty,Specialty Retail,20260
UMC,United Microelectronics,Semiconductors & Semiconductor Equipment,22940
UNH,UnitedHealth Group,Health Care Providers & Services,469180
UNP,Union Pacific,Road & Rail,168540
UPS,United Parcel Service,Air Freight & Logistics,182290
UPST,Upstart Holdings,Consumer Finance,10780
URI,United Rentals,Trading Companies & Distributors,22920
USB,U.S. Bancorp,Banks,81990
V,Visa Inc.,IT Services,436350
VALE,Vale S.A.,Metals & Mining,97620
VEEV,Veeva Systems,Health Care Technology,34460
VFC,VF Corporation,"Textiles, Apparel & Luxury Goods",21740
VICI,VICI Properties,Equity Real Estate Investment Trusts ...,20860
VIV,Telefonica Brasil,Telecom Services,16120
VLO,Valero Energy,"Oil, Gas & Consumable Fuels",35190
VMC,Vulcan Materials Company,Construction Materials,23640
VMW,VMware,Software,49950
VOD,Vodafone Group,Wireless Telecommunication Services,44590
VRSK,Verisk Analytics,Professional Services,30270
VRSN,VeriSign,IT Services,24000
VRTX,Vertex Pharmaceuticals,Biotechnology,60760
VST,Vistra,Independent Power and Renewable Elect...,10210
VTR,Ventas,Equity Real Estate Investment Trusts ...,22360
VTRS,Viatris,Pharmaceuticals,12420
VZ,Verizon Communications,Diversified Telecommunication Services,231340
W,Wayfair,Internet & Direct Marketing Retail,13850
WAB,Westinghouse Air Brake Technologies,Machinery,16990
WAT,Waters,Life Sciences Tools & Services,19550
WBA,Walgreens Boots Alliance,Food & Staples Retailing,41200
WBS,Webster Financial,Banks,10120
WCN,Waste Connections,Commercial Services & Supplies,34700
WDAY,Workday,Software,61030
WDC,Western Digital,"Technology Hardware, Storage & Periph...",15730
WEC,WEC Energy Group,Multi-Utilities,29840
WELL,Welltower,Equity Real Estate Investment Trusts ...,38950
WES,Western Midstream Partners LP,"Oil, Gas & Consumable Fuels",10470
WFC,Wells Fargo & Company,Banks,189670
WFG,West Fraser Timber Company,Paper & Forest Products,10200
WHR,Whirlpool,Household Durables,11950
WIT,Wipro,IT Services,40150
WLK,Westlake Chemical,Chemicals,14320
WM,Waste Management,Commercial Services & Supplies,65430
WMB,The Williams Companies,"Oil, Gas & Consumable Fuels",40690
WMG,Warner Music Group,Entertainment,17530
WMT,Walmart,Food & Staples Retailing,396170
WOLF,Wolfspeed,Semiconductors,11730
WPC,WP Carey,Equity Real Estate Investment Trusts ...,15420
WPM,Wheaton Precious Metals,Metals & Mining,21050
WPP,WPP plc,Media,14860
WRB,W.R. Berkley,Insurance,15960
WRK,WestRock Company,Containers & Packaging,11510
WSM,Williams-Sonoma,Specialty Retail,11080
WSO,Watsco,Trading Companies & Distributors,10970
WST,West Pharmaceutical Services,Health Care Equipment & Supplies,28760
WTRG,Essential Utilities,Water Utilities,12350
WTW,Willis Towers Watson,Insurance,26170
WY,Weyerhaeuser Company,Equity Real Estate Investment Trusts ...,29570
XEL,Xcel Energy,Electric Utilities,38780
XM,Qualtrics International,Software-Application,15990
XOM,Exxon Mobil,"Oil, Gas & Consumable Fuels",356000
XP,XP Inc.,Capital Markets,16690
XPEV,XPeng,Automobiles,27580
XRAY,Dentsply Sirona,Health Care Equipment & Supplies,11440
XYL,Xylem,Machinery,15340
YUM,Yum! Brands,"Hotels, Restaurants & Leisure",34970
YUMC,Yum China Holdings,"Hotels, Restaurants & Leisure",22200
Z,Zillow Group,Interactive Media & Services,13490
ZBH,Zimmer Biomet Holdings,Health Care Equipment & Supplies,25310
ZBRA,Zebra Technologies,"Electronic Equipment, Instruments & C...",21340
ZEN,Zendesk,Software,14860
ZG,Zillow Group,Interactive Media & Services,13410
ZI,ZoomInfo Technologies,Interactive Media & Services,23380
ZM,Zoom Video Communications,Software,32460
ZNGA,Zynga,Entertainment,10350
ZNH,China Southern Airlines Company,Airlines,16370
ZS,Zscaler,Software,33200
ZTO,ZTO Express (Cayman),Air Freight & Logistics,23710
ZTS,Zoetis,Pharmaceuticals,93000
